{"cameraMode":{"drawMode":0,"name":"Shaded","section":"Shading Mode"},"sceneLighting":true,"audioPlay":false,"sceneViewState":{"showFog":true,"showMaterialUpdate":false,"showSkybox":true,"showFlares":true,"showImageEffects":true,"showParticleSystems":true},"in2DMode":false,"pivot":{"x":702.2999877929688,"y":17.899993896484376,"z":0.0},"rotation":{"x":0.03827405348420143,"y":0.9238809943199158,"z":-0.09596451371908188,"w":0.36847442388534548},"size":319.3938293457031,"orthographic":true}