{"cameraMode":{"drawMode":0,"name":"Shaded","section":"Shading Mode"},"sceneLighting":true,"audioPlay":false,"sceneViewState":{"showFog":true,"showMaterialUpdate":false,"showSkybox":true,"showFlares":true,"showImageEffects":true,"showParticleSystems":true},"in2DMode":false,"pivot":{"x":-0.4808235168457031,"y":9.797440528869629,"z":0.1669769287109375},"rotation":{"x":0.032450366765260699,"y":0.8988314867019653,"z":-0.06753892451524735,"w":0.431857705116272},"size":56.9570198059082,"orthographic":true}