{"cameraMode":{"drawMode":0,"name":"Shaded","section":"Shading Mode"},"sceneLighting":true,"audioPlay":false,"sceneViewState":{"showFog":true,"showMaterialUpdate":false,"showSkybox":true,"showFlares":true,"showImageEffects":true,"showParticleSystems":true},"in2DMode":false,"pivot":{"x":-0.6357269287109375,"y":9.740252494812012,"z":-0.06571102142333985},"rotation":{"x":0.04293672367930412,"y":0.9096155166625977,"z":-0.0972418412566185,"w":0.4016307592391968},"size":460.5902404785156,"orthographic":true}