{"cameraMode":{"drawMode":0,"name":"Shaded","section":"Shading Mode"},"sceneLighting":true,"audioPlay":false,"sceneViewState":{"showFog":true,"showMaterialUpdate":false,"showSkybox":true,"showFlares":true,"showImageEffects":true,"showParticleSystems":true},"in2DMode":false,"pivot":{"x":0.25445249676704409,"y":14.257087707519532,"z":-15.50390625},"rotation":{"x":0.010448855347931385,"y":0.9866947531700134,"z":-0.1460980474948883,"w":0.07056815177202225},"size":22.020444869995118,"orthographic":true}