{"cameraMode":{"drawMode":0,"name":"Shaded","section":"Shading Mode"},"sceneLighting":true,"audioPlay":false,"sceneViewState":{"showFog":true,"showMaterialUpdate":false,"showSkybox":true,"showFlares":true,"showImageEffects":true,"showParticleSystems":true},"in2DMode":false,"pivot":{"x":-0.4797859191894531,"y":9.659645080566407,"z":-0.06552886962890625},"rotation":{"x":0.06015570089221001,"y":0.9051217436790466,"z":-0.13679583370685578,"w":0.39802634716033938},"size":35.101295471191409,"orthographic":true}