{"cameraMode":{"drawMode":0,"name":"Shaded","section":"Shading Mode"},"sceneLighting":true,"audioPlay":false,"sceneViewState":{"showFog":true,"showMaterialUpdate":false,"showSkybox":true,"showFlares":true,"showImageEffects":true,"showParticleSystems":true},"in2DMode":false,"pivot":{"x":9.688589096069336,"y":10.59274959564209,"z":-9.562891006469727},"rotation":{"x":0.02714678645133972,"y":0.9674088358879089,"z":-0.11812201142311096,"w":0.22233039140701295},"size":11.392315864562989,"orthographic":true}