{"cameraMode":{"drawMode":0,"name":"Shaded","section":"Shading Mode"},"sceneLighting":true,"audioPlay":false,"sceneViewState":{"showFog":true,"showMaterialUpdate":false,"showSkybox":true,"showFlares":true,"showImageEffects":true,"showParticleSystems":true},"in2DMode":false,"pivot":{"x":-4.2342681884765629,"y":3.445343017578125,"z":3.0292835235595705},"rotation":{"x":0.03270985931158066,"y":0.9448189735412598,"z":-0.09957222640514374,"w":0.31037694215774538},"size":22.38098907470703,"orthographic":true}