{"cameraMode":{"drawMode":0,"name":"Shaded","section":"Shading Mode"},"sceneLighting":true,"audioPlay":false,"sceneViewState":{"showFog":true,"showMaterialUpdate":false,"showSkybox":true,"showFlares":true,"showImageEffects":true,"showParticleSystems":true},"in2DMode":false,"pivot":{"x":7.698311805725098,"y":4.7312541007995609,"z":-6.5523223876953129},"rotation":{"x":0.047178883105516437,"y":0.8966074585914612,"z":-0.09857280552387238,"w":0.42913421988487246},"size":21.975875854492189,"orthographic":true}