{"cameraMode":{"drawMode":0,"name":"Shaded","section":"Shading Mode"},"sceneLighting":true,"audioPlay":false,"sceneViewState":{"showFog":true,"showMaterialUpdate":false,"showSkybox":true,"showFlares":true,"showImageEffects":true,"showParticleSystems":true},"in2DMode":false,"pivot":{"x":313.8462829589844,"y":113.47148132324219,"z":-33.60673522949219},"rotation":{"x":0.08835246413946152,"y":-0.026891279965639116,"z":0.002385808853432536,"w":0.9957238435745239},"size":479.0135803222656,"orthographic":true}